title,author,ranking,access,characount,pid,tid,minutes,hour
こころ,夏目 漱石　,1,52808,182592,000148,773,456.48,7.608
人間失格,太宰 治　,2,40922,75039,000035,301,187.5975,3.126625
吾輩は猫である,夏目 漱石　,3,39525,365783,000148,789,914.4575,15.24095833
銀河鉄道の夜,宮沢 賢治　,4,28710,41601,000081,456,104.0025,1.733375
羅生門,芥川 竜之介　,5,27296,6367,000879,127,15.9175,0.265291667
坊っちゃん,夏目 漱石　,6,27148,103434,000148,752,258.585,4.30975
ドグラ・マグラ,夢野 久作　,7,25719,459095,000096,2093,1147.7375,19.12895833
怪人二十面相,江戸川 乱歩　,8,20629,111821,001779,57228,279.5525,4.659208333
蜘蛛の糸,芥川 竜之介　,9,18852,3189,000879,92,7.9725,0.132875
斜陽,太宰 治　,10,17644,93910,000035,1565,234.775,3.912916667
人間椅子,江戸川 乱歩　,11,17436,16099,001779,56648,40.2475,0.670791667
走れメロス,太宰 治　,12,17428,10265,000035,1567,25.6625,0.427708333
夢十夜,夏目 漱石　,13,17111,19386,000148,799,48.465,0.80775
檸檬,梶井 基次郎　,14,16809,5425,000074,424,13.5625,0.226041667
蟹工船,小林 多喜二　,15,16124,65488,000156,1465,163.72,2.728666667
三四郎,夏目 漱石　,16,15295,178798,000148,794,446.995,7.449916667
草枕,夏目 漱石　,17,14862,104957,000148,776,262.3925,4.373208333
Ｄ坂の殺人事件,江戸川 乱歩　,18,14560,22788,001779,56650,56.97,0.9495
変身,カフカ フランツ　,19,14031,56575,001235,49866,141.4375,2.357291667
〔雨ニモマケズ〕,宮沢 賢治　,20,13690,353,000081,45630,0.8825,0.014708333
山月記,中島 敦　,21,13479,6955,000119,624,17.3875,0.289791667
銀河鉄道の夜,宮沢 賢治　,22,13366,53834,000081,43737,134.585,2.243083333
三国志01 序,吉川 英治　,23,13048,1702,001562,52409,4.255,0.070916667
三国志02 桃園の巻,吉川 英治　,24,12852,169310,001562,52410,423.275,7.054583333
源氏物語01 桐壺,紫式部 　,25,12844,17041,000052,5016,42.6025,0.710041667
遠野物語,柳田 国男　,26,12759,45955,001566,52504,114.8875,1.914791667
舞姫,森 鴎外　,27,12477,18261,000129,2078,45.6525,0.760875
学問のすすめ,福沢 諭吉　,28,12446,92165,000296,47061,230.4125,3.840208333
少年探偵団,江戸川 乱歩　,29,12267,103624,001779,56669,259.06,4.317666667
女生徒,太宰 治　,30,11333,31898,000035,275,79.745,1.329083333
堕落論,坂口 安吾　,31,11099,7853,001095,42620,19.6325,0.327208333
春琴抄,谷崎 潤一郎　,32,11090,56744,001383,56866,141.86,2.364333333
鼻,芥川 竜之介　,33,11045,6546,000879,42,16.365,0.27275
或阿呆の一生,芥川 竜之介　,34,10727,13488,000879,19,33.72,0.562
注文の多い料理店,宮沢 賢治　,35,10679,5937,000081,43754,14.8425,0.247375
押絵と旅する男,江戸川 乱歩　,36,10447,18910,001779,56645,47.275,0.787916667
痴人の愛,谷崎 潤一郎　,37,10318,192120,001383,58093,480.3,8.005
少女地獄,夢野 久作　,38,10195,109760,000096,935,274.4,4.573333333
心理試験,江戸川 乱歩　,39,9905,23428,001779,56646,58.57,0.976166667
あさましきもの,太宰 治　,40,9709,1922,000035,240,4.805,0.080083333
パノラマ島綺譚,江戸川 乱歩　,41,9584,84942,001779,56651,212.355,3.53925
相対性理論,アインシュタイン アルベルト　,42,9247,12888,001428,50328,32.22,0.537
ヴィヨンの妻,太宰 治　,43,9226,20834,000035,2253,52.085,0.868083333
一握の砂,石川 啄木　,44,8990,20616,000153,816,51.54,0.859
桜の森の満開の下,坂口 安吾　,45,8523,17092,001095,42618,42.73,0.712166667
樅ノ木は残った01 第一部,山本 周五郎　,46,8522,153613,001869,57788,384.0325,6.400541667
それから,夏目 漱石　,47,8367,193800,000148,56143,484.5,8.075
河童,芥川 竜之介　,48,8246,41224,000879,69,103.06,1.717666667
カラマゾフの兄弟01 上,ドストエフスキー フィヨードル・ミハイロヴィチ　,49,8231,417402,000363,42286,1043.505,17.39175
方丈記,鴨 長明　,50,8184,9394,000196,975,23.485,0.391416667
青べか物語,山本 周五郎　,51,8073,166217,001869,57574,415.5425,6.925708333
三国志03 群星の巻,吉川 英治　,52,8058,166458,001562,52411,416.145,6.93575
ファウスト,ゲーテ ヨハン・ヴォルフガング・フォン　,53,7982,279115,001025,50909,697.7875,11.62979167
地獄変,芥川 竜之介　,54,7915,28709,000879,60,71.7725,1.196208333
金色夜叉,尾崎 紅葉　,55,7850,342452,000091,522,856.13,14.26883333
藪の中,芥川 竜之介　,56,7832,9851,000879,179,24.6275,0.410458333
風立ちぬ,堀 辰雄　,57,7663,56841,001030,4803,142.1025,2.368375
二銭銅貨,江戸川 乱歩　,58,7552,18213,001779,56647,45.5325,0.758875
風の又三郎,宮沢 賢治　,59,7516,31325,000081,462,78.3125,1.305208333
細雪01 上巻,谷崎 潤一郎　,60,7179,163180,001383,56698,407.95,6.799166667
セロ弾きのゴーシュ,宮沢 賢治　,61,7163,12347,000081,470,30.8675,0.514458333
グッド・バイ,太宰 治　,62,7125,15357,000035,258,38.3925,0.639875
破戒,島崎 藤村　,63,7123,238777,000158,1502,596.9425,9.949041667
あばばばば,芥川 竜之介　,64,7087,6907,000879,14,17.2675,0.287791667
虞美人草,夏目 漱石　,65,7055,236858,000148,761,592.145,9.869083333
三国志04 草莽の巻,吉川 英治　,66,7035,164518,001562,52412,411.295,6.854916667
阿Ｑ正伝,魯迅 　,67,6817,38003,001124,42934,95.0075,1.583458333
浮雲,二葉亭 四迷　,68,6683,143329,000006,1869,358.3225,5.972041667
高瀬舟,森 鴎外　,69,6661,9457,000129,45245,23.6425,0.394041667
I can speak,太宰 治　,70,6587,1995,000035,1572,4.9875,0.083125
注文の多い料理店,宮沢 賢治　,71,6580,5698,000081,1927,14.245,0.237416667
三国志06 孔明の巻,吉川 英治　,72,6560,177553,001562,52414,443.8825,7.398041667
三国志05 臣道の巻,吉川 英治　,73,6499,172047,001562,52413,430.1175,7.168625
アーサー王物語,テニソン アルフレッド　,74,6478,59686,000140,50131,149.215,2.486916667
ア、秋,太宰 治　,75,6455,1545,000035,236,3.8625,0.064375
三国志07 赤壁の巻,吉川 英治　,76,6445,178500,001562,52415,446.25,7.4375
智恵子抄,高村 光太郎　,77,6406,33296,001168,46669,83.24,1.387333333
モルグ街の殺人事件,ポー エドガー・アラン　,78,6405,36543,000094,605,91.3575,1.522625
古事記03 現代語訳　古事記,太 安万侶　稗田 阿礼　,79,6261,105595,001518,51732,263.9875,4.399791667
よだかの星,宮沢 賢治　,80,6251,5473,000081,473,13.6825,0.228041667
黒猫,ポー エドガー・アラン　,81,6243,10488,000094,530,26.22,0.437
駈込み訴え,太宰 治　,82,6194,14047,000035,277,35.1175,0.585291667
芋粥,芥川 竜之介　,83,6146,16284,000879,55,40.71,0.6785
三国志08 望蜀の巻,吉川 英治　,84,6020,173105,001562,52416,432.7625,7.212708333
三国志09 図南の巻,吉川 英治　,85,5989,187594,001562,52417,468.985,7.816416667
『春と修羅』,宮沢 賢治　,86,5961,48106,000081,1058,120.265,2.004416667
蒲団,田山 花袋　,87,5959,50639,000214,1669,126.5975,2.109958333
三国志10 出師の巻,吉川 英治　,88,5866,211298,001562,52418,528.245,8.804083333
黒死館殺人事件,小栗 虫太郎　,89,5851,334872,000125,1317,837.18,13.953
三国志11 五丈原の巻,吉川 英治　,90,5824,193589,001562,52419,483.9725,8.066208333
高野聖,泉 鏡花　,91,5628,49235,000050,521,123.0875,2.051458333
悪魔,芥川 竜之介　,92,5602,1950,000879,3804,4.875,0.08125
三国志12 篇外余録,吉川 英治　,93,5582,24118,001562,52420,60.295,1.004916667
ロミオとヂュリエット03 ロミオとヂュリエット,シェークスピア ウィリアム　,94,5544,126778,000264,42773,316.945,5.282416667
津軽,太宰 治　,95,5533,112478,000035,2282,281.195,4.686583333
赤ひげ診療譚01 狂女の話,山本 周五郎　,96,5527,21190,001869,57841,52.975,0.882916667
瓶詰地獄,夢野 久作　,97,5518,7862,000096,2381,19.655,0.327583333
山月記,中島 敦　,98,5496,5945,000119,623,14.8625,0.247708333
羅生門,芥川 竜之介　,99,5464,7407,000879,128,18.5175,0.308625
宮本武蔵01 序、はしがき,吉川 英治　,100,5442,3283,001562,52395,8.2075,0.136791667
山羊の歌,中原 中也　,101,5404,16738,000026,894,41.845,0.697416667
ヰタ・セクスアリス,森 鴎外　,102,5391,62888,000129,695,157.22,2.620333333
白痴,坂口 安吾　,103,5375,23573,001095,42621,58.9325,0.982208333
刺青,谷崎 潤一郎　,104,5354,6293,001383,56641,15.7325,0.262208333
夜明け前01 第一部上,島崎 藤村　,105,5354,231965,000158,1504,579.9125,9.665208333
屋根裏の散歩者,江戸川 乱歩　,106,5323,30557,001779,56649,76.3925,1.273208333
お伽草紙,太宰 治　,107,5302,71475,000035,307,178.6875,2.978125
ごん狐,新美 南吉　,108,5291,5195,000121,628,12.9875,0.216458333
門,夏目 漱石　,109,5281,163340,000148,785,408.35,6.805833333
ガリバー旅行記,スウィフト ジョナサン　,110,5266,121652,000912,4673,304.13,5.068833333
富嶽百景,太宰 治　,111,5244,15418,000035,270,38.545,0.642416667
秋,芥川 竜之介　,112,5209,11811,000879,16,29.5275,0.492125
宮本武蔵02 地の巻,吉川 英治　,113,5195,101437,001562,52396,253.5925,4.226541667
それから,夏目 漱石　,114,5194,240109,000148,1746,600.2725,10.00454167
黒蜥蜴,江戸川 乱歩　,115,5175,108633,001779,57405,271.5825,4.526375
桜の樹の下には,梶井 基次郎　,116,5138,1876,000074,427,4.69,0.078166667
私本太平記01 あしかが帖,吉川 英治　,117,5087,132774,001562,52421,331.935,5.53225
赤い部屋,江戸川 乱歩　,118,5064,18967,001779,57181,47.4175,0.790291667
二十四の瞳,壺井 栄　,119,5056,123404,001875,57856,308.51,5.141833333
陰翳礼讃,谷崎 潤一郎　,120,5019,31464,001383,56642,78.66,1.311
指環,江戸川 乱歩　,121,4944,2607,001779,57197,6.5175,0.108625
赤いカブトムシ,江戸川 乱歩　,122,4937,23337,001779,57105,58.3425,0.972375
老人と海,ヘミングウェイ アーネスト・ミラー　,123,4882,60267,001847,57347,150.6675,2.511125
舞姫,森 鴎外　,124,4867,16267,000129,682,40.6675,0.677791667
卍,谷崎 潤一郎　,125,4840,141641,001383,56873,354.1025,5.901708333
『吾輩は猫である』上篇自序,夏目 漱石　,126,4779,906,000148,47148,2.265,0.03775
たけくらべ,樋口 一葉　,127,4776,35718,000064,56041,89.295,1.48825
トロッコ,芥川 竜之介　,128,4752,4997,000879,43016,12.4925,0.208208333
月に吠える02 月に吠える,萩原 朔太郎　,129,4742,27635,000067,859,69.0875,1.151458333
外科室,泉 鏡花　,130,4727,8531,000050,360,21.3275,0.355458333
日記帳,江戸川 乱歩　,131,4696,7049,001779,57190,17.6225,0.293708333
樅ノ木は残った02 第二部,山本 周五郎　,132,4599,115687,001869,57785,289.2175,4.820291667
五瓣の椿,山本 周五郎　,133,4564,154374,001869,57625,385.935,6.43225
或る女1（前編）,有島 武郎　,134,4521,161769,000025,201,404.4225,6.740375
イワンの馬鹿,トルストイ レオ　,135,4445,28732,000361,42941,71.83,1.197166667
野菊の墓,伊藤 左千夫　,136,4416,35577,000058,647,88.9425,1.482375
グスコーブドリの伝記,宮沢 賢治　,137,4395,25876,000081,1924,64.69,1.078166667
みだれ髪,与謝野 晶子　,138,4373,13656,000885,51307,34.14,0.569
明暗,夏目 漱石　,139,4343,364181,000148,782,910.4525,15.17420833
空家の冒険,ドイル アーサー・コナン　,140,4340,24899,000009,43522,62.2475,1.037458333
武蔵野,国木田 独歩　,141,4302,17316,000038,329,43.29,0.7215
一寸法師,江戸川 乱歩　,142,4279,101848,001779,58053,254.62,4.243666667
杜子春,芥川 竜之介　,143,4247,10436,000879,43015,26.09,0.434833333
神曲01 地獄,ダンテ アリギエリ　,144,4242,180317,000961,4618,450.7925,7.513208333
私の個人主義,夏目 漱石　,145,4219,25898,000148,772,64.745,1.079083333
李陵,中島 敦　,146,4207,42502,000119,1737,106.255,1.770916667
羅生門の後に,芥川 竜之介　,147,4175,1624,000879,22,4.06,0.067666667
山椒大夫,森 鴎外　,148,4166,24601,000129,689,61.5025,1.025041667
手袋を買いに,新美 南吉　,149,4160,3808,000121,637,9.52,0.158666667
指,江戸川 乱歩　,150,4143,1329,001779,58465,3.3225,0.055375
鳴門秘帖01 上方の巻,吉川 英治　,151,4141,143669,001562,52403,359.1725,5.986208333
悪魔の紋章,江戸川 乱歩　,152,4110,156882,001779,57240,392.205,6.53675
オツベルと象,宮沢 賢治　,153,4084,6178,000081,466,15.445,0.257416667
十本の針,芥川 竜之介　,154,4081,2343,000879,13,5.8575,0.097625
パンドラの匣,太宰 治　,155,4038,89155,000035,1566,222.8875,3.714791667
仮面の恐怖王,江戸川 乱歩　,156,4017,75627,001779,56688,189.0675,3.151125
耳無芳一の話,小泉 八雲　,157,4005,8028,000258,42927,20.07,0.3345
道草,夏目 漱石　,158,4002,167173,000148,783,417.9325,6.965541667
桜桃,太宰 治　,159,3992,5123,000035,308,12.8075,0.213458333
行人,夏目 漱石　,160,3978,255343,000148,775,638.3575,10.63929167
ああ華族様だよ　と私は嘘を吐くのであった,渡辺 温　,161,3971,3174,000020,2569,7.935,0.13225
上杉謙信,吉川 英治　,162,3952,140949,001562,56461,352.3725,5.872875
城,カフカ フランツ　,163,3934,366723,001235,49862,916.8075,15.280125
吸血鬼,江戸川 乱歩　,164,3933,195964,001779,56658,489.91,8.165166667
人生論ノート,三木 清　,165,3921,73487,000218,1914,183.7175,3.061958333
土佐日記,紀 貫之　,166,3881,11826,000155,832,29.565,0.49275
電人Ｍ,江戸川 乱歩　,167,3872,78951,001779,56689,197.3775,3.289625
愛読書の印象,芥川 竜之介　,168,3866,985,000879,4872,2.4625,0.041041667
赤いくつ,アンデルセン ハンス・クリスチャン　,169,3861,7754,000019,42378,19.385,0.323083333
宮本武蔵03 水の巻,吉川 英治　,170,3855,149381,001562,52397,373.4525,6.224208333
妻に失恋した男,江戸川 乱歩　,171,3829,5857,001779,58464,14.6425,0.244041667
クリスマス・カロル,ディケンズ チャールズ　,172,3822,88756,000914,4328,221.89,3.698166667
いなか、の、じけん,夢野 久作　,173,3812,42600,000096,919,106.5,1.775
宮本武蔵04 火の巻,吉川 英治　,174,3802,202912,001562,52398,507.28,8.454666667
?東綺譚,永井 荷風　,175,3780,64034,001341,52016,160.085,2.668083333
雪女,小泉 八雲　,176,3780,3351,000258,50326,8.3775,0.139625
源氏物語02 帚木,紫式部 　,177,3746,28177,000052,5017,70.4425,1.174041667
新書太閤記01 第一分冊,吉川 英治　,178,3740,200455,001562,56568,501.1375,8.352291667
在りし日の歌亡き児文也の霊に捧ぐ,中原 中也　,179,3738,17757,000026,219,44.3925,0.739875
彼岸過迄,夏目 漱石　,180,3735,227251,000148,765,568.1275,9.468791667
樅ノ木は残った03 第三部,山本 周五郎　,181,3729,173240,001869,57787,433.1,7.218333333
恩讐の彼方に,菊池 寛　,182,3699,23947,000083,496,59.8675,0.997791667
人でなしの恋,江戸川 乱歩　,183,3689,18822,001779,57511,47.055,0.78425
樅ノ木は残った04 第四部,山本 周五郎　,184,3658,150325,001869,57786,375.8125,6.263541667
赤ひげ診療譚02 駈込み訴え,山本 周五郎　,185,3643,22648,001869,57840,56.62,0.943666667
銀河鉄道の夜,宮沢 賢治　,186,3628,43612,000081,46322,109.03,1.817166667
銀の匙,中 勘助　,187,3612,94916,001799,56638,237.29,3.954833333
疑惑,江戸川 乱歩　,188,3605,19074,001779,57184,47.685,0.79475
ある探偵事件,寺田 寅彦　,189,3601,1858,000042,42160,4.645,0.077416667
鏡地獄,江戸川 乱歩　,190,3595,14687,001779,57343,36.7175,0.611958333
桃太郎,芥川 竜之介　,191,3583,5667,000879,100,14.1675,0.236125
狂気の山脈にて,ラヴクラフト ハワード・フィリップス　,192,3581,120736,001699,57858,301.84,5.030666667
随筆銭形平次19 探偵小説このごろ,野村 胡堂　江戸川 乱歩　,193,3580,4754,001670,54836,11.885,0.198083333
レ・ミゼラブル04 第一部　ファンテーヌ,ユゴー ヴィクトル　,194,3576,309514,001094,42600,773.785,12.89641667
宮本武蔵05 風の巻,吉川 英治　,195,3542,306423,001562,52399,766.0575,12.767625
アッシャー家の崩壊,ポー エドガー・アラン　,196,3531,21137,000094,882,52.8425,0.880708333
阿部一族,森 鴎外　,197,3527,31650,000129,673,79.125,1.31875
双生児??ある死刑囚が教誨師にうちあけた話??,江戸川 乱歩　,198,3516,12543,001779,57187,31.3575,0.522625
あいびき,ツルゲーネフ イワン　,199,3511,9711,000005,5,24.2775,0.404625
アイヌ神謡集,作者不詳 　,200,3503,73462,001529,44909,183.655,3.060916667
硝子戸の中,夏目 漱石　,201,3498,61013,000148,760,152.5325,2.542208333
毒草,江戸川 乱歩　,202,3490,5209,001779,57509,13.0225,0.217041667
葬られたる秘密,小泉 八雲　,203,3478,2197,000258,42926,5.4925,0.091541667
あのときの王子くん,サン＝テグジュペリ アントワーヌ・ド　,204,3438,52926,001265,46817,132.315,2.20525
怪奇四十面相,江戸川 乱歩　,205,3433,92628,001779,56673,231.57,3.8595
西郷隆盛,芥川 竜之介　,206,3425,11921,000879,136,29.8025,0.496708333
宮本武蔵08 円明の巻,吉川 英治　,207,3413,213947,001562,52402,534.8675,8.914458333
川端康成へ,太宰 治　,208,3380,2123,000035,1607,5.3075,0.088458333
共産党宣言,マルクス カール・ハインリッヒ　エンゲルス フリードリッヒ　,209,3374,35736,001138,47057,89.34,1.489
宮本武蔵06 空の巻,吉川 英治　,210,3365,250779,001562,52400,626.9475,10.449125
茶の本04 茶の本,岡倉 天心　岡倉 覚三　,211,3348,48834,000238,1276,122.085,2.03475
アグニの神,芥川 竜之介　,212,3334,8804,000879,43014,22.01,0.366833333
超人ニコラ,江戸川 乱歩　,213,3323,81647,001779,57107,204.1175,3.401958333
赤ひげ診療譚03 むじな長屋,山本 周五郎　,214,3323,27252,001869,57544,68.13,1.1355
暗号舞踏人の謎,ドイル アーサー・コナン　,215,3294,26948,000009,45340,67.37,1.122833333
檸檬,梶井 基次郎　,216,3293,5704,000074,46349,14.26,0.237666667
大金塊,江戸川 乱歩　,217,3293,94356,001779,57106,235.89,3.9315
宮本武蔵07 二天の巻,吉川 英治　,218,3291,172359,001562,52401,430.8975,7.181625
一枚の切符,江戸川 乱歩　,219,3287,14474,001779,57182,36.185,0.603083333
白昼夢,江戸川 乱歩　,220,3282,4036,001779,57192,10.09,0.168166667
やまなし,宮沢 賢治　,221,3260,2883,000081,46605,7.2075,0.120125
赤毛連盟,ドイル アーサー・コナン　,222,3247,23325,000009,8,58.3125,0.971875
杜子春,芥川 竜之介　,223,3244,10015,000879,170,25.0375,0.417291667
審判,カフカ フランツ　,224,3234,229237,001235,49863,573.0925,9.551541667
鍵,谷崎 潤一郎　,225,3197,102924,001383,56846,257.31,4.2885
黒田如水,吉川 英治　,226,3193,182600,001562,53195,456.5,7.608333333
雪の女王七つのお話でできているおとぎ物語,アンデルセン ハンス・クリスチャン　,227,3192,40066,000019,42387,100.165,1.669416667
古寺巡礼,和辻 哲郎　,228,3171,149571,001395,49891,373.9275,6.232125
愛と美について,太宰 治　,229,3159,13240,000035,1578,33.1,0.551666667
善の研究,西田 幾多郎　,230,3155,,000182,946,0,0
白雪姫,グリム ヤーコプ・ルートヴィッヒ・カール　グリム ヴィルヘルム・カール　,231,3154,11334,001091,42308,28.335,0.47225
ありときのこ,宮沢 賢治　,232,3149,1925,000081,2657,4.8125,0.080208333
古事記02 校註　古事記,太 安万侶　稗田 阿礼　,233,3112,142887,001518,51731,357.2175,5.953625
猫の事務所,宮沢 賢治　,234,3110,6523,000081,464,16.3075,0.271791667
歯車,芥川 竜之介　,235,3104,26628,000879,42377,66.57,1.1095
奇巌城アルセーヌ・ルパン,ルブラン モーリス　,236,3101,59118,001121,46187,147.795,2.46325
生まれいずる悩み,有島 武郎　,237,3094,53891,000025,1111,134.7275,2.245458333
たけくらべ,樋口 一葉　,238,3087,30905,000064,389,77.2625,1.287708333
夜光人間,江戸川 乱歩　,239,3082,75330,001779,56684,188.325,3.13875
サーカスの怪人,江戸川 乱歩　,240,3080,76095,001779,56680,190.2375,3.170625
狂人日記,魯迅 　,241,3076,8914,001124,42936,22.285,0.371416667
ヘンゼルとグレーテル,グリム ヤーコプ・ルートヴィッヒ・カール　グリム ヴィルヘルム・カール　,242,3060,10132,001091,42315,25.33,0.422166667
魔法人形,江戸川 乱歩　,243,3054,72821,001779,56682,182.0525,3.034208333
ジーキル博士とハイド氏の怪事件,スティーブンソン ロバート・ルイス　,244,3051,74185,000888,33205,185.4625,3.091041667
盗難,江戸川 乱歩　,245,3046,12777,001779,57189,31.9425,0.532375
源氏物語03 空蝉,紫式部 　,246,3044,6956,000052,5018,17.39,0.289833333
若草物語,オルコット ルイーザ・メイ　,247,3035,127938,001090,42307,319.845,5.33075
故郷,魯迅 　,248,3029,8741,001124,42939,21.8525,0.364208333
日本の伝説,柳田 国男　,249,3022,112782,001566,53810,281.955,4.69925
蜜柑,芥川 竜之介　,250,3007,3745,000879,43017,9.3625,0.156041667
ラプンツェル,グリム ヤーコプ・ルートヴィッヒ・カール　グリム ヴィルヘルム・カール　,251,3006,6571,001091,42309,16.4275,0.273791667
絵のない絵本01 絵のない絵本,アンデルセン ハンス・クリスチャン　,252,2981,46817,000019,58165,117.0425,1.950708333
灰神楽,江戸川 乱歩　,253,2972,14513,001779,57510,36.2825,0.604708333
宇宙怪人,江戸川 乱歩　,254,2971,90805,001779,56674,227.0125,3.783541667
夫婦善哉,織田 作之助　,255,2960,34644,000040,545,86.61,1.4435
はつ恋,ツルゲーネフ イワン　,256,2926,84934,000005,53194,212.335,3.538916667
源氏物語04 夕顔,紫式部 　,257,2911,31524,000052,5019,78.81,1.3135
美少女,太宰 治　,258,2897,5808,000035,242,14.52,0.242
文鳥,夏目 漱石　,259,2887,12594,000148,753,31.485,0.52475
一房の葡萄,有島 武郎　,260,2880,7041,000025,211,17.6025,0.293375
貉,小泉 八雲　,261,2877,1592,000258,42928,3.98,0.066333333
菊屋敷,山本 周五郎　,262,2877,37190,001869,57601,92.975,1.549583333
最終戦争論,石原 莞爾　,263,2869,54703,000230,1154,136.7575,2.279291667
トカトントン,太宰 治　,264,2867,13183,000035,2285,32.9575,0.549291667
ろくろ首,小泉 八雲　,265,2861,6938,000258,50327,17.345,0.289083333
人生論ノート,三木 清　,266,2861,71191,000218,46845,177.9775,2.966291667
或恋愛小説,芥川 竜之介　,267,2850,5452,000879,129,13.63,0.227166667
神州天馬侠,吉川 英治　,268,2846,692297,001562,56145,1730.7425,28.84570833
秘密,谷崎 潤一郎　,269,2824,17116,001383,57349,42.79,0.713166667
葉桜と魔笛,太宰 治　,270,2821,6207,000035,42376,15.5175,0.258625
接吻,江戸川 乱歩　,271,2807,6755,001779,57186,16.8875,0.281458333
季節のない街,山本 周五郎　,272,2801,205492,001869,57822,513.73,8.562166667
蜜柑,芥川 竜之介　,273,2795,3535,000879,98,8.8375,0.147291667
ファラデーの伝電気学の泰斗,愛知 敬一　,274,2787,78334,001234,46340,195.835,3.263916667
一夜,夏目 漱石　,275,2786,7711,000148,1086,19.2775,0.321291667
ニャルラトホテプ,ラヴクラフト ハワード・フィリップス　,276,2784,3459,001699,56839,8.6475,0.144125
探偵少年,江戸川 乱歩　,277,2784,43501,001779,56686,108.7525,1.812541667
私本太平記02 婆娑羅帖,吉川 英治　,278,2783,134247,001562,52422,335.6175,5.593625
道化の華,太宰 治　,279,2783,35380,000035,255,88.45,1.474166667
『吾輩は猫である』中篇自序,夏目 漱石　,280,2770,2336,000148,2671,5.84,0.097333333
幽霊塔,黒岩 涙香　,281,2769,262236,000179,943,655.59,10.9265
奇面城の秘密,江戸川 乱歩　,282,2762,75615,001779,56683,189.0375,3.150625
『吾輩は猫である』下篇自序,夏目 漱石　,283,2760,509,000148,2672,1.2725,0.021208333
カインの末裔,有島 武郎　,284,2753,36861,000025,204,92.1525,1.535875
吉野葛,谷崎 潤一郎　,285,2750,44260,001383,56867,110.65,1.844166667
湖畔亭事件,江戸川 乱歩　,286,2729,72826,001779,58039,182.065,3.034416667
源氏物語05 若紫,紫式部 　,287,2726,31917,000052,5020,79.7925,1.329875
侏儒の言葉,芥川 竜之介　,288,2724,38861,000879,158,97.1525,1.619208333
臨時急行列車の紛失,ドイル アーサー・コナン　,289,2721,15339,000009,43056,38.3475,0.639125
雁,森 鴎外　,290,2718,81159,000129,45224,202.8975,3.381625
江戸三国志,吉川 英治　,291,2715,629821,001562,57875,1574.5525,26.24254167
恐ろしき錯誤,江戸川 乱歩　,292,2715,24128,001779,57183,60.32,1.005333333
盲目物語,谷崎 潤一郎　,293,2702,75882,001383,56868,189.705,3.16175
踊る一寸法師,江戸川 乱歩　,294,2699,8740,001779,57505,21.85,0.364166667
愛,岡本 かの子　,295,2698,1878,000076,4996,4.695,0.07825
文字禍,中島 敦　,296,2686,7755,000119,622,19.3875,0.323125
どんぐりと山猫,宮沢 賢治　,297,2680,6626,000081,43752,16.565,0.276083333
かちかち山,芥川 竜之介　,298,2673,1150,000879,3814,2.875,0.047916667
青銅の魔人,江戸川 乱歩　,299,2673,82543,001779,56671,206.3575,3.439291667
アグニの神,芥川 竜之介　,300,2672,8687,000879,15,21.7175,0.361958333
お勢登場,江戸川 乱歩　,301,2657,13035,001779,57504,32.5875,0.543125
名人伝,中島 敦　,302,2656,7393,000119,621,18.4825,0.308041667
夜長姫と耳男,坂口 安吾　,303,2636,27670,001095,42614,69.175,1.152916667
妖人ゴング,江戸川 乱歩　,304,2631,76751,001779,56681,191.8775,3.197958333
駅伝馬車,アーヴィング ワシントン　,305,2615,6175,001257,56078,15.4375,0.257291667
銭形平次捕物控001 金色の処女,野村 胡堂　,306,2607,14205,001670,56372,35.5125,0.591875
新書太閤記02 第二分冊,吉川 英治　,307,2601,213854,001562,56633,534.635,8.910583333
レ・ミゼラブル03 序,ユゴー ヴィクトル　,308,2601,286,001094,42606,0.715,0.011916667
平の将門,吉川 英治　,309,2597,245747,001562,56076,614.3675,10.23945833
黄金虫,ポー エドガー・アラン　,310,2593,40761,000094,2525,101.9025,1.698375
妖怪博士,江戸川 乱歩　,311,2591,132148,001779,56670,330.37,5.506166667
不連続殺人事件,坂口 安吾　,312,2590,164212,001095,42626,410.53,6.842166667
「平家物語」ぬきほ（言文一致訳）,作者不詳 　,313,2589,24865,001529,15937,62.1625,1.036041667
探偵小説アルセーヌ・ルパン,ルブラン モーリス　,314,2587,17008,001121,42809,42.52,0.708666667
雨ふり坊主,夢野 久作　香倶土 三鳥　,315,2585,1770,000096,914,4.425,0.07375
夜明け前02 第一部下,島崎 藤村　,316,2584,13814,000158,1505,34.535,0.575583333
遺書,芥川 竜之介　,317,2578,2015,000879,16034,5.0375,0.083958333
倫敦塔,夏目 漱石　,318,2578,20071,000148,1076,50.1775,0.836291667
或る女2（後編）,有島 武郎　,319,2575,221295,000025,202,553.2375,9.220625
織田君の死,太宰 治　,320,2571,724,000035,42365,1.81,0.030166667
キチガイ地獄,夢野 久作　,321,2568,25213,000096,2231,63.0325,1.050541667
高瀬舟,森 鴎外　,322,2566,8594,000129,691,21.485,0.358083333
若菜集,島崎 藤村　,323,2563,22896,000158,1508,57.24,0.954
歯車,芥川 竜之介　,324,2558,26579,000879,40,66.4475,1.107458333
二百十日,夏目 漱石　,325,2557,33568,000148,751,83.92,1.398666667
新編忠臣蔵,吉川 英治　,326,2543,376057,001562,58019,940.1425,15.66904167
遺訓,西郷 隆盛　,327,2542,9218,001320,47885,23.045,0.384083333
赤ずきんちゃん,グリム ヤーコプ・ルートヴィッヒ・カール　グリム ヴィルヘルム・カール　,328,2542,3746,001091,42311,9.365,0.156083333
坑夫,夏目 漱石　,329,2536,161998,000148,774,404.995,6.749916667
私本太平記03 みなかみ帖,吉川 英治　,330,2534,138903,001562,52423,347.2575,5.787625
人形の家,イプセン ヘンリック　,331,2528,67962,001028,4797,169.905,2.83175
まざあ・ぐうす,作者不詳 　,332,2526,27191,001529,546,67.9775,1.132958333
新書太閤記06 第六分冊,吉川 英治　,333,2525,227085,001562,56757,567.7125,9.461875
新書太閤記05 第五分冊,吉川 英治　,334,2520,222753,001562,56756,556.8825,9.281375
赤ひげ診療譚04 三度目の正直,山本 周五郎　,335,2518,21898,001869,57842,54.745,0.912416667
新書太閤記04 第四分冊,吉川 英治　,336,2517,209464,001562,56755,523.66,8.727666667
新書太閤記08 第八分冊,吉川 英治　,337,2516,214852,001562,56759,537.13,8.952166667
猿蟹合戦,芥川 竜之介　,338,2516,2674,000879,140,6.685,0.111416667
愛撫,梶井 基次郎　,339,2513,3034,000074,411,7.585,0.126416667
銀河鉄道の夜,宮沢 賢治　,340,2507,38667,000081,48222,96.6675,1.611125
きりぎりす,太宰 治　,341,2504,13097,000035,1571,32.7425,0.545708333
怪人と少年探偵,江戸川 乱歩　,342,2503,36909,001779,57225,92.2725,1.537875
新書太閤記03 第三分冊,吉川 英治　,343,2499,208543,001562,56754,521.3575,8.689291667
地獄変,芥川 竜之介　,344,2497,28405,000879,61,71.0125,1.183541667
新書太閤記09 第九分冊,吉川 英治　,345,2496,209266,001562,56760,523.165,8.719416667
あの頃の自分の事,芥川 竜之介　,346,2493,16655,000879,17,41.6375,0.693958333
白銀の失踪,ドイル アーサー・コナン　,347,2490,25045,000009,42929,62.6125,1.043541667
青猫,萩原 朔太郎　,348,2489,43727,000067,1768,109.3175,1.821958333
火星の運河,江戸川 乱歩　,349,2489,5314,001779,57506,13.285,0.221416667
大岡越前,吉川 英治　,350,2487,232570,001562,56072,581.425,9.690416667
黄色な顔,ドイル アーサー・コナン　,351,2475,22023,000009,43028,55.0575,0.917625
私本太平記04 帝獄帖,吉川 英治　,352,2469,126055,001562,52424,315.1375,5.252291667
自作解説怪人二十面相と少年探偵団,江戸川 乱歩　,353,2463,3702,001779,57316,9.255,0.15425
姥捨,太宰 治　,354,2460,14288,000035,2256,35.72,0.595333333
新書太閤記07 第七分冊,吉川 英治　,355,2456,228104,001562,56758,570.26,9.504333333
美男子と煙草,太宰 治　,356,2453,4799,000035,241,11.9975,0.199958333
天空の魔人,江戸川 乱歩　,357,2452,24135,001779,56687,60.3375,1.005625
罪と罰（内田不知庵訳）,北村 透谷　,358,2449,4703,000157,45397,11.7575,0.195958333
逆行,太宰 治　,359,2442,12060,000035,260,30.15,0.5025
黄金豹,江戸川 乱歩　,360,2439,77673,001779,56678,194.1825,3.236375
田舎教師,田山 花袋　,361,2427,170816,000214,1668,427.04,7.117333333
河童,芥川 竜之介　,362,2426,36677,000879,45761,91.6925,1.528208333
海底の魔術師,江戸川 乱歩　,363,2420,77648,001779,56677,194.12,3.235333333
夜明け前03 第二部上,島崎 藤村　,364,2418,25529,000158,1506,63.8225,1.063708333
トロツコ,芥川 竜之介　,365,2401,4650,000879,169,11.625,0.19375
瘋癲老人日記,谷崎 潤一郎　,366,2385,99465,001383,56771,248.6625,4.144375
透明怪人,江戸川 乱歩　,367,2376,98580,001779,57229,246.45,4.1075
青空文庫の提案,青空文庫 　,368,2376,3642,001790,56572,9.105,0.15175
即興詩人,アンデルセン ハンス・クリスチャン　,369,2376,158817,000019,4376,397.0425,6.617375
世界怪談名作集09 北極星号の船長　医学生ジョン・マリスターレーの奇異なる日記よりの抜萃,ドイル アーサー・コナン　,370,2374,27769,000009,43471,69.4225,1.157041667
少女病,田山 花袋　,371,2372,13100,000214,1098,32.75,0.545833333
五重塔,幸田 露伴　,372,2370,69428,000051,50351,173.57,2.892833333
蘆刈,谷崎 潤一郎　,373,2370,41480,001383,56875,103.7,1.728333333
モノグラム,江戸川 乱歩　,374,2367,11863,001779,57514,29.6575,0.494291667
人生,夏目 漱石　,375,2360,4537,000148,767,11.3425,0.189041667
私本太平記05 世の辻の帖,吉川 英治　,376,2358,119706,001562,52425,299.265,4.98775
グロリア・スコット号,ドイル アーサー・コナン　,377,2356,22010,000009,43498,55.025,0.917083333
幽霊,江戸川 乱歩　,378,2353,12585,001779,57196,31.4625,0.524375
Ｋの昇天或はＫの溺死,梶井 基次郎　,379,2345,5758,000074,419,14.395,0.239916667
株式仲買店々員,ドイル アーサー・コナン　,380,2345,20184,000009,43497,50.46,0.841
永日小品,夏目 漱石　,381,2345,59954,000148,758,149.885,2.498083333
ランボオ詩集,ランボー ジャン・ニコラ・アルチュール　,382,2344,37796,001296,47296,94.49,1.574833333
桜の園,チェーホフ アントン　,383,2344,56232,001155,43598,140.58,2.343
私本太平記06 八荒帖,吉川 英治　,384,2344,118120,001562,52426,295.3,4.921666667
夜明け前04 第二部下,島崎 藤村　,385,2339,115520,000158,1507,288.8,4.813333333
芥川竜之介歌集,芥川 竜之介　,386,2339,2249,000879,178,5.6225,0.093708333
彼のオートバイ、彼女の島,片岡 義男　,387,2336,129180,001506,56911,322.95,5.3825
死後の恋,夢野 久作　,388,2333,19620,000096,2380,49.05,0.8175
スリーピー・ホローの伝説故ディードリッヒ・ニッカボッカーの遺稿より,アーヴィング ワシントン　,389,2329,33716,001257,46658,84.29,1.404833333
花と龍,火野 葦平　,390,2318,425081,001488,56224,1062.7025,17.71170833
大谷刑部,吉川 英治　,391,2314,18920,001562,52448,47.3,0.788333333
夢遊病者の死,江戸川 乱歩　,392,2313,12306,001779,57195,30.765,0.51275
大菩薩峠01 甲源一刀流の巻,中里 介山　,393,2312,70392,000283,1726,175.98,2.933
覆面の舞踏者,江戸川 乱歩　,394,2302,16027,001779,57512,40.0675,0.667791667
私本太平記13 黒白帖,吉川 英治　,395,2296,130820,001562,52433,327.05,5.450833333
日本国憲法,日本国 　,396,2283,,001528,474,0,0
入院患者,ドイル アーサー・コナン　,397,2280,23020,000009,43524,57.55,0.959166667
フランケンシュタイン02 フランケンシュタイン,シェリー メアリー・ウォルストンクラフト　,398,2278,179683,001176,44904,449.2075,7.486791667
愛と婚姻,泉 鏡花　,399,2277,3230,000050,1040,8.075,0.134583333
源氏物語06 末摘花,紫式部 　,400,2272,20637,000052,5021,51.5925,0.859875
イズムの功過,夏目 漱石　,401,2272,1885,000148,2314,4.7125,0.078541667
二癈人,江戸川 乱歩　,402,2270,11913,001779,57191,29.7825,0.496375
悲しき玩具,石川 啄木　,403,2269,7435,000153,815,18.5875,0.309791667
堕落論〔続堕落論〕,坂口 安吾　,404,2265,8076,001095,56814,20.19,0.3365
英雄の器,芥川 竜之介　,405,2264,1881,000879,35,4.7025,0.078375
木馬は廻る,江戸川 乱歩　,406,2259,10743,001779,57513,26.8575,0.447625
私本太平記08 新田帖,吉川 英治　,407,2256,134479,001562,52428,336.1975,5.603291667
黒手組,江戸川 乱歩　,408,2251,18825,001779,57185,47.0625,0.784375
小さき者へ,有島 武郎　,409,2251,10898,000025,206,27.245,0.454083333
私本太平記07 千早帖,吉川 英治　,410,2250,128888,001562,52427,322.22,5.370333333
盗まれた手紙,ポー エドガー・アラン　,411,2248,21173,000094,42338,52.9325,0.882208333
赤いろうそくと人魚,小川 未明　,412,2245,11271,001475,51005,28.1775,0.469625
私本太平記12 湊川帖,吉川 英治　,413,2231,134302,001562,52432,335.755,5.595916667
名字の話,柳田 国男　,414,2228,25115,001566,57903,62.7875,1.046458333
まほうやしき,江戸川 乱歩　,415,2224,5579,001779,57165,13.9475,0.232458333
嘘,太宰 治　,416,2223,8645,000035,2254,21.6125,0.360208333
私本太平記09 建武らくがき帖,吉川 英治　,417,2223,142869,001562,52429,357.1725,5.952875
藪の中,芥川 竜之介　,418,2221,15359,000879,24454,38.3975,0.639958333
源氏物語09 葵,紫式部 　,419,2219,30339,000052,5024,75.8475,1.264125
赤ひげ診療譚05 徒労に賭ける,山本 周五郎　,420,2217,18814,001869,57838,47.035,0.783916667
邪宗門,芥川 竜之介　,421,2213,48109,000879,59,120.2725,2.004541667
婦系図,泉 鏡花　,422,2213,207332,000050,1087,518.33,8.638833333
鳴門秘帖02 江戸の巻,吉川 英治　,423,2200,155418,001562,52404,388.545,6.47575
夜叉ヶ池,泉 鏡花　,424,2197,33885,000050,3407,84.7125,1.411875
朝,太宰 治　,425,2195,3140,000035,1562,7.85,0.130833333
私本太平記10 風花帖,吉川 英治　,426,2189,136338,001562,52430,340.845,5.68075
犬と笛,芥川 竜之介　,427,2185,8915,000879,56,22.2875,0.371458333
風野又三郎,宮沢 賢治　,428,2183,34105,000081,1943,85.2625,1.421041667
源氏物語07 紅葉賀,紫式部 　,429,2163,17589,000052,5022,43.9725,0.732875
私本太平記11 筑紫帖,吉川 英治　,430,2159,97413,001562,52431,243.5325,4.058875
かいじん二十めんそう,江戸川 乱歩　,431,2156,12562,001779,57226,31.405,0.523416667
機械,横光 利一　,432,2154,21662,000168,907,54.155,0.902583333
青べか物語,山本 周五郎　,433,2152,171856,001869,57495,429.64,7.160666667
畜犬談?伊馬鵜平君に与える?,太宰 治　,434,2144,12849,000035,246,32.1225,0.535375
少年,谷崎 潤一郎　,435,2138,24614,001383,56643,61.535,1.025583333
算盤が恋を語る話,江戸川 乱歩　,436,2124,8350,001779,57188,20.875,0.347916667
青森,太宰 治　,437,2117,679,000035,46597,1.6975,0.028291667
おれは二十面相だ,江戸川 乱歩　,438,2106,52533,001779,56690,131.3325,2.188875
或日の大石内蔵助,芥川 竜之介　,439,2099,10436,000879,122,26.09,0.434833333
蜜のあわれ,室生 犀星　,440,2098,78235,001579,53503,195.5875,3.259791667
光と風と夢,中島 敦　,441,2094,85296,000119,1743,213.24,3.554
葉,太宰 治　,442,2093,10121,000035,2288,25.3025,0.421708333
星の銀貨,グリム ヤーコプ・ルートヴィッヒ・カール　グリム ヴィルヘルム・カール　,443,2092,1074,001091,42316,2.685,0.04475
探偵小説の「謎」,江戸川 乱歩　,444,2090,120080,001779,57502,300.2,5.003333333
やまなし,宮沢 賢治　,445,2081,2743,000081,472,6.8575,0.114291667
或旧友へ送る手記,芥川 竜之介　,446,2079,3530,000879,20,8.825,0.147083333
青鬼の褌を洗う女,坂口 安吾　,447,2078,40488,001095,42877,101.22,1.687
自転車嬢の危難,ドイル アーサー・コナン　,448,2078,23907,000009,43523,59.7675,0.996125
新書太閤記11 第十一分冊,吉川 英治　,449,2077,209294,001562,56762,523.235,8.720583333
源氏物語08 花宴,紫式部 　,450,2076,6873,000052,5023,17.1825,0.286375
流刑地で,カフカ フランツ　,451,2075,31946,001235,49867,79.865,1.331083333
金色の死,谷崎 潤一郎　,452,2074,23293,001383,57442,58.2325,0.970541667
高野聖,泉 鏡花　泉 鏡太郎　,453,2066,71459,000050,43466,178.6475,2.977458333
人魚のひいさま,アンデルセン ハンス・クリスチャン　,454,2064,29898,000019,42383,74.745,1.24575
灰色の巨人,江戸川 乱歩　,455,2063,78778,001779,56676,196.945,3.282416667
新ハムレット,太宰 治　,456,2056,98371,000035,1576,245.9275,4.098791667
虎の牙,江戸川 乱歩　,457,2055,95864,001779,56672,239.66,3.994333333
思い出す事など,夏目 漱石　,458,2054,68096,000148,792,170.24,2.837333333
早すぎる埋葬,ポー エドガー・アラン　,459,2054,16193,000094,2526,40.4825,0.674708333
殺人迷路05 （連作探偵小説第五回）,江戸川 乱歩　,460,2052,8624,001779,57518,21.56,0.359333333
鳴門秘帖06 鳴門の巻,吉川 英治　,461,2052,66751,001562,52408,166.8775,2.781291667
緋のエチュード,ドイル アーサー・コナン　,462,2043,94719,000009,55881,236.7975,3.946625
不良少年とキリスト,坂口 安吾　,463,2042,14083,001095,42840,35.2075,0.586791667
浅草公園或シナリオ,芥川 竜之介　,464,2040,9953,000879,21,24.8825,0.414708333
チベット旅行記,河口 慧海　,465,2038,573955,001404,49966,1434.8875,23.91479167
銭形平次捕物控003 大盗懺悔,野村 胡堂　,466,2030,13750,001670,56314,34.375,0.572916667
源氏物語10 榊,紫式部 　,467,2026,31242,000052,5025,78.105,1.30175
晶子詩篇全集,与謝野 晶子　,468,2017,109584,000885,2557,273.96,4.566
千曲川のスケッチ,島崎 藤村　,469,2017,92512,000158,1503,231.28,3.854666667
銭形平次捕物控002 振袖源太,野村 胡堂　,470,2015,14261,001670,56278,35.6525,0.594208333
悪魔祈祷書,夢野 久作　,471,2012,13746,000096,2382,34.365,0.57275
鉄人Ｑ,江戸川 乱歩　,472,2010,77034,001779,57108,192.585,3.20975
竹取物語,和田 万吉　,473,2009,12916,001072,48310,32.29,0.538166667
一人二役,江戸川 乱歩　,474,2009,7301,001779,57193,18.2525,0.304208333
私の思い出,柳原 白蓮　,475,1998,4018,001934,58413,10.045,0.167416667
天衣無縫,織田 作之助　,476,1997,12983,000040,47052,32.4575,0.540958333
少将滋幹の母,谷崎 潤一郎　,477,1992,93240,001383,56847,233.1,3.885
新生,島崎 藤村　,478,1982,368959,000158,843,922.3975,15.37329167
片恋,芥川 竜之介　,479,1982,4889,000879,74,12.2225,0.203708333
山の人生,柳田 国男　,480,1979,130351,001566,52505,325.8775,5.431291667
たけくらべ,樋口 一葉　,481,1978,59321,000064,55671,148.3025,2.471708333
鉄塔の怪人,江戸川 乱歩　,482,1972,83652,001779,56675,209.13,3.4855
弟子,中島 敦　,483,1971,29207,000119,1738,73.0175,1.216958333
ブレーメンの町楽隊,グリム ヤーコプ・ルートヴィッヒ・カール　グリム ヴィルヘルム・カール　,484,1969,4443,001091,42314,11.1075,0.185125
あたらしい憲法のはなし,文部省 　,485,1967,20905,001128,43037,52.2625,0.871041667
鳴門秘帖04 船路の巻,吉川 英治　,486,1964,152026,001562,52406,380.065,6.334416667
春夫と旅行できなかつた話,太宰 治　,487,1963,436,000035,54878,1.09,0.018166667
魔術,芥川 竜之介　,488,1960,8047,000879,95,20.1175,0.335291667
ボヘミアの醜聞,ドイル アーサー・コナン　,489,1959,18580,000009,226,46.45,0.774166667
父帰る,菊池 寛　,490,1958,7899,000083,502,19.7475,0.329125
猫町散文詩風な小説,萩原 朔太郎　,491,1955,11227,000067,641,28.0675,0.467791667
鳴門秘帖03 木曾の巻,吉川 英治　,492,1952,64286,001562,52405,160.715,2.678583333
二十世紀旗手,太宰 治　,493,1952,14768,000035,234,36.92,0.615333333
般若心経講義,高神 覚昇　,494,1951,115907,000269,1543,289.7675,4.829458333
カルメン,芥川 竜之介　,495,1950,2210,000879,29,5.525,0.092083333
闇中問答,芥川 竜之介　,496,1948,6261,000879,18,15.6525,0.260875
武士道の山,新渡戸 稲造　,497,1939,1698,000718,50530,4.245,0.07075
ふしぎな人,江戸川 乱歩　,498,1932,44297,001779,57230,110.7425,1.845708333
魔法博士,江戸川 乱歩　,499,1930,77869,001779,56679,194.6725,3.244541667
源頼朝,吉川 英治　,500,1930,339027,001562,56144,847.5675,14.126125
